0,0.08666666666666667,0.04666666666666667,0.013333333333333334,0.22,0.04,0.30666666666666664,0.06,0.26666666666666666,0.20666666666666667,0.1,5.111111111111111,4.444444444444445,78.34133152224375,-59.821572002906805,-71.05000019566278,66.35594901239354,138.16290352515057,161.39285951155264,172.6212877043086,137.4059492080563,11.22842819275597,149.39133171790652,11.985382509850211,126.17752101530034,12.237327152940594,12.304741247246563,1.0949882547494088,0.9248388238886682,0.8560657760404867,0.8003816062467135,15.373593235042048,1.3680827322909321,0.9945212911875693,1.088989132948605,138.29312314970713,161.54459168079805,172.63287337205995,140.85948628958914,14.390191092542068,26.620121245594998,9.788576495178836,1.0686391390506693,-23.027150587525096,23.056122787364664,-86.3106438521543,4.432449974453429,-1.2476031325284411,-0.2605517936923959,-9.959422114527102,3.1544380253825084,1.7869196912616991,1.0
1,0.12666666666666668,0.02666666666666667,0.06,0.29333333333333333,0.1,0.42,0.08666666666666667,0.32,0.23333333333333334,0.18666666666666668,4.846153846153846,3.6923076923076925,39.24109492935837,-132.66482737751255,-53.77676457411724,133.74107924934884,171.90592230687093,211.17024997060113,132.28218716720582,187.51784382346608,78.88806280339531,93.0178595034756,94.49998431999047,266.4059066268614,2.377011643584121,2.179111974587265,0.6452781940291179,1.8480958734644681,0.8140631662405261,1.299539461723447,1.676834016026978,0.4965437472543935,1.09081665894399,0.7038802037002542,172.5591090733142,211.20813069729624,132.58799735171985,190.75623647000856,79.95202594601618,43.619805442995386,2.3858837123002696,0.6277599111075186,-11.460394820458061,52.79256249265028,-14.698020796356202,5.357652680670459,6.0683125233381014,1.49999975111096,-3.3220664108384144,5.550123054726279,2.0665435612489587,1.0
2,0.08,0.06,0.02,0.2866666666666667,0.02,0.36666666666666664,0.08,0.3466666666666667,0.26666666666666666,0.1,4.583333333333333,4.333333333333333,42.33142994448781,-40.10685500322184,-80.25057172241758,134.5882228707544,82.43828494770965,173.84793425257067,213.99165097176643,214.838794593172,40.14371671919574,122.58200166690538,92.2567929262666,174.69507787397623,5.351741496582487,2.053578783558167,0.4718981550652505,0.6725154086790075,0.47419766764637666,0.38524066043392674,5.330638726569155,1.224943791067419,2.6060560906797563,1.229793061188336,82.49285317601623,174.0807405886307,214.01267879642623,218.53079339591287,41.89890203849065,92.19394766489654,5.215668735069917,1.229387455917128,-27.479428315903217,19.316437139174518,-71.33055032392214,5.3709698648293,-3.3453097265996448,1.6773962350230291,-8.172133444460359,3.359520728345697,7.617470775405086,1.0
3,0.1,0.06666666666666667,0.04,0.18666666666666668,0.03333333333333333,0.2866666666666667,0.10666666666666667,0.25333333333333335,0.14666666666666667,0.14,2.6875,2.375,133.74107924934884,-44.18443752043885,-83.99482296601987,134.5882228707544,177.9255167697877,97.39796996209665,137.20835540767766,218.58304583677426,39.81038544558102,217.7359022153687,0.8471436214055643,178.77266039119326,5.490603604819835,4.469324141887642,0.9952613357123409,0.8171620525575822,1.826788759961107,1.2967542409580668,3.4465467709483804,0.7675018937875405,1.228508702996165,1.2226872126781985,177.99575702189085,97.90998188508402,137.33948009833,219.68738681881888,42.9053235546095,81.91267176002057,5.120282720609315,1.402711730245482,-35.585103353957535,9.739796996209666,-22.868059234612943,9.935592992580649,-2.4881490903488137,0.019701014451292194,-10.368376295969938,4.704543694505086,-5.368503120512736,1.0
0,0.07333333333333333,0.04666666666666667,0.013333333333333334,0.14,0.02666666666666667,0.21333333333333335,0.06,0.18666666666666668,0.12666666666666668,0.08666666666666667,3.5555555555555554,3.111111111111111,53.99653234812595,-33.37935826809486,-77.90478848125683,61.863440829782085,87.37589061622081,98.86341050284345,143.3888407160054,139.7682293110389,44.52543021316197,131.90132082938277,7.866908481656132,95.24279909787694,3.1390652182788483,1.9623817265305616,0.917401540524112,0.6624337805475309,0.8838041310916314,0.6093632543502927,3.220380803274504,1.5055084696602716,1.5996200819850843,1.467493927466423,87.46740113309521,99.11091734139956,143.40278812449907,141.05374126460862,45.42591700414155,15.904814149984606,3.1051380041870926,1.446891946631175,-21.843972654055204,14.123344357549064,-71.6944203580027,7.3562225953178375,-4.947270023684663,0.24584089005175414,-10.14625544841406,3.401528539209891,1.044319989692967,1.0
1,0.12,0.06666666666666667,0.013333333333333334,0.3333333333333333,0.05333333333333334,0.4533333333333333,0.08,0.4,0.32,0.13333333333333333,5.666666666666667,5.0,53.99756705007621,-49.699750779623784,-80.74472386272818,85.80401704989858,103.6973178297,139.39086308995815,170.43583617306257,166.54874091262676,31.044973083104395,134.74229091280438,31.806449999822362,135.50376782952236,5.364757136905607,3.340228949534351,0.7652725786943567,0.769597407964553,0.743931958888706,0.6084243792743477,5.489965661004836,1.257794073944042,1.6061046167669097,1.2291078217261246,104.00545045849192,139.749106304704,170.4475703904606,173.32767551542736,33.283484699332135,39.975357074654106,5.20761804484088,1.2196684107504974,-12.9621647287125,13.939086308995815,-85.21791808653128,3.469765435679724,-2.5870810902586996,0.46774191176209357,-6.737114545640219,2.2583961304920392,1.982974736681009,1.0
2,0.11333333333333333,0.06666666666666667,0.013333333333333334,0.24,0.04666666666666667,0.35333333333333333,0.08,0.30666666666666664,0.22666666666666666,0.12666666666666668,4.416666666666667,3.8333333333333335,71.68117082779739,-38.23579384524767,-89.60172405593732,76.4262577064146,109.91696467304506,124.03981089514625,175.4057411058359,166.02798176235194,51.365930210689655,161.2828948837347,4.745086878617215,114.66205155166227,3.232258835406045,2.139880738501071,0.9586167627876494,0.6815165659835272,0.8861426333998561,0.6266440538381445,3.414826527746451,1.5297628006141584,1.5104855038183838,1.4479767239080505,110.13963465953316,124.44225442711829,175.41714287060864,169.4735694085655,52.74901692363034,22.101013221414032,3.212828964261612,1.409626848036128,-15.702423524720723,12.403981089514625,-87.70287055291794,4.883175934186822,-4.280494184224138,0.0895299411059852,-8.488573414933406,2.4926532946013538,0.8307556601235992,1.0
3,0.08666666666666667,0.05333333333333334,0.013333333333333334,0.24,0.03333333333333333,0.32666666666666666,0.06666666666666667,0.29333333333333333,0.22666666666666666,0.1,4.9,4.4,34.784556263266154,-46.03424092090904,-71.88750026547909,88.50826899074116,80.8187971841752,122.46049862732364,148.3137579718937,160.39576925622026,25.85325934457005,106.67205652874524,53.723712727475004,134.5425099116502,6.2040830952290795,3.1260583474999852,0.6006933959924364,0.7576379401891132,0.6599580933450709,0.5449177358144403,5.736752801462303,1.1023561108625566,1.9846344519419143,1.1921568087405763,80.97331645855222,122.72152917908387,148.32724228456976,163.95975968296202,27.719866860026556,43.62374696286773,5.914882654772064,1.2086489084414866,-16.16375943683504,15.307562328415456,-74.15687898594685,4.717522625182949,-2.5853259344570048,1.0964023005607144,-7.111470435249683,3.0577843161738683,3.2032078033191116,1.0
0,0.08,0.05333333333333334,0.04,0.21333333333333335,0.02666666666666667,0.29333333333333333,0.09333333333333334,0.26666666666666666,0.17333333333333334,0.12,3.142857142857143,2.857142857142857,60.744342843142185,-38.12528868391031,-67.34362923966862,142.54862834373156,98.86963152705249,151.2924967244898,180.51083728024813,209.89225758340018,29.218340555758303,128.0879720828108,81.80428550058937,180.6739170276419,7.183578998364264,3.3838209031199558,0.5472269221457468,0.771888491318543,0.6534999003096523,0.5477213059155812,6.177997581203267,0.9990973807947673,2.1229193872940644,1.1617186422724652,98.95051307747289,151.5038599017522,180.61052675748502,211.49647702374716,32.39925037454216,53.778776441163906,6.527820075427774,1.192118318798003,-24.717407881763123,18.911562090561226,-30.08513954670802,8.072779137823083,-2.0870243254113072,1.8591883068315767,-7.115998449045045,4.516847925691048,4.3685720997864435,1.0
1,0.08666666666666667,0.06666666666666667,0.013333333333333334,0.32666666666666666,0.02,0.41333333333333333,0.08,0.3933333333333333,0.31333333333333335,0.1,5.166666666666667,4.916666666666667,20.305479423999056,-1.1883322853266254,-54.76048016105402,97.54364644878217,21.493811709325684,143.7369606290582,197.30910850478557,152.3041266098362,53.572147875727396,75.06595958505308,77.23816702478311,98.7319787341088,2.842972190757402,0.4012124314893141,0.21769858140096454,0.28633233796168606,0.1495357325997364,0.10893471605141011,3.683053906341188,1.9984316230119419,7.0859523973476914,1.5426017847773563,21.702164449564606,144.0843983604034,197.31924462391711,159.3911759865803,54.8996814928721,122.93245079234326,2.9033169528911538,1.369469886186813,-7.164603903108561,14.373696062905818,-98.65455425239278,3.2405133321241744,-4.464345656310616,1.2457768874965018,-5.004397305670206,1.6734233683747253,9.40331914767173,1.0
2,0.11333333333333333,0.06,0.013333333333333334,0.22,0.05333333333333334,0.3333333333333333,0.07333333333333333,0.28,0.20666666666666667,0.12666666666666668,4.545454545454546,3.8181818181818183,97.54364644878217,-41.887163493740516,-102.58089695349797,97.53244017012281,139.43080994252267,145.4335013573541,206.12723481711154,200.1133371236208,60.69373345975745,200.12454340228015,0.011206278659358304,139.4196036638633,3.29710047012192,2.2972851066242495,1.0000803780699763,0.6967201901979907,0.9587255250075991,0.6764307980274128,3.396186444087885,1.4784666531837116,1.4352160559499954,1.4353314158465715,139.6601258814694,145.71171304002817,206.1369373337749,202.50024122146598,61.68248763858411,18.02865231296257,3.282945435144812,1.4146902334278881,-17.428851242815334,16.1592779285949,-103.06361740855577,6.4552689394716385,-5.517612132705223,-0.0002241255731871661,-10.532870705383166,3.3195143729491265,0.35309949499008253,1.0
3,0.10666666666666667,0.06666666666666667,0.013333333333333334,0.18666666666666668,0.04,0.29333333333333333,0.08,0.25333333333333335,0.17333333333333334,0.12,3.6666666666666665,3.1666666666666665,79.66832554721165,-58.673429573104514,-86.49989119810967,71.48789073507513,138.34175512031618,156.2058697432273,184.03233136823246,157.9877819331848,27.82646162500515,166.16821674532133,8.180434812136525,130.16132030817965,5.6776094662073495,4.97158988392548,1.0628484314139401,0.8325404089299848,0.8856373665581432,0.7517252761608857,6.613572859111166,1.4138788000344786,1.142010825262282,1.2137844142877556,138.471806551982,156.52563286004658,184.04319870298636,160.11289529631134,30.303662593288692,23.981797081547253,5.283615299088345,1.1758022972987683,-23.056959186719364,15.62058697432273,-92.01616568411623,6.076453151276339,-2.3188718020837626,-0.18591897300310284,-9.231567596962297,3.425297902846833,1.1165071639319475,1.0
0,0.10666666666666667,0.06666666666666667,0.013333333333333334,0.26,0.04,0.36666666666666664,0.08,0.32666666666666666,0.24666666666666667,0.12,4.583333333333333,4.083333333333333,20.165878128795654,-8.734566069017717,-72.52021954046387,52.823660875966304,28.90044419781337,83.61728100079294,147.4029344722391,125.34388041643018,63.78565347144615,92.68609766925952,32.65778274717065,61.55822694498402,1.9650795060450508,0.4530869031662542,0.46948142648166835,0.3118099145887178,0.3456276483988915,0.1960642391638159,2.310910470459074,2.3945285916694194,4.3370918300942165,2.0361840591746225,29.516701625197296,84.21312060460394,147.41650209873796,130.69081206361963,64.90461916365746,57.00817686721704,2.013582603945057,1.7505170339297305,-4.816740699635562,8.361728100079294,-73.70146723611956,3.3876724436873022,-5.3154711226205125,0.5937778681303755,-5.149227648292196,1.2562903458160004,3.419802300186223,3.0
1,0.13333333333333333,0.02666666666666667,0.013333333333333334,0.12666666666666668,0.10666666666666667,0.26,0.04,0.15333333333333332,0.11333333333333333,0.14666666666666667,6.5,3.8333333333333335,19.133961855815528,-14.928438046287539,-73.78131865640353,34.24704972690752,34.06239990210307,67.75209892225385,126.60497953236984,108.02836838331105,58.85288061011599,92.91528051221906,15.113087871091992,49.17548777319506,1.8355663692822282,0.578772008251508,0.6926703006832208,0.36659631994140734,0.5027504748035921,0.2690447092043021,2.151211261367013,2.5745546260017096,3.171484355001105,2.1967930217907456,37.63305843391939,67.87007373188032,126.62077571390797,109.35779979297479,59.15793738889623,39.17902270435479,1.8485735747355676,1.8656348630785549,-2.1288999938814417,16.938024730563463,-63.30248976618492,6.3546099049006495,-9.808813435019331,0.3875150736177434,-4.223421841464503,2.1380646857910897,1.6844849510075388,3.0
2,0.10666666666666667,0.06,0.013333333333333334,0.2733333333333333,0.04666666666666667,0.38,0.07333333333333333,0.3333333333333333,0.26,0.12,5.181818181818182,4.545454545454546,21.29963760579973,-18.198035827810017,-51.10347725057714,48.80871664468331,39.49767343360975,50.293270496052955,83.19871191882008,99.91219389526046,32.905441422767126,72.40311485637687,27.509079038883577,67.00675247249333,3.0363426100745654,1.2003386590730094,0.5894581064770118,0.5455245055680227,0.7853470860820146,0.47473900163441257,2.5284180464224155,1.241646682593275,2.529571623077986,1.491076499137531,40.1131674973204,51.092201530068664,83.22274728072136,107.25412108149561,34.69536100442188,19.301422640174284,3.0913101341653775,1.6288737769842097,-5.642524776229964,5.588141166228106,-41.59935595941004,2.561851125519499,-2.9914037657061026,0.4826154217347996,-4.022395269798715,1.3401350494498667,0.6747248164027004,3.0
3,0.08666666666666667,0.03333333333333333,0.04,0.19333333333333333,0.05333333333333334,0.28,0.07333333333333333,0.22666666666666666,0.15333333333333332,0.12666666666666668,3.8181818181818183,3.090909090909091,48.80871664468331,-11.89225094835777,-49.75067504045015,44.49364493054733,60.70096759304108,49.43609595222508,87.29452004431747,94.24431997099748,37.85842409209238,98.55939168513345,4.315071714135975,56.3858958789051,2.489388352292314,1.603367521199064,1.0765275011929059,0.615882125033419,1.2278673391139612,0.6953582832258492,2.3058149444353386,1.5481623317964481,1.5525999618793869,1.6714165573142172,61.225872527318245,49.68830428780605,87.50047559738029,97.01026670819823,39.42410778618484,17.201666578679536,2.460683884955108,1.7609873561101517,-7.587620949130135,9.887219190445016,-14.54908667405291,4.097579129173804,-3.4416749174629433,-0.10273980271752321,-5.187336404480708,1.6584087023207383,-0.8665285877550767,3.0
0,0.13333333333333333,0.04666666666666667,0.013333333333333334,0.38,0.08666666666666667,0.5133333333333333,0.06,0.4266666666666667,0.36666666666666664,0.14666666666666667,8.555555555555555,7.111111111111111,64.00676574602534,3.3733266768363848,-66.02011617966907,96.70550275219954,60.63343906918895,34.17882583769145,103.57226869419691,162.7256189318686,69.39344285650546,130.0268819256944,32.6987370061742,93.33217607536315,2.344971113025177,0.8737632342953383,0.6496520451878153,0.4663146433353585,1.7740059110609967,0.5854215595895913,1.492536822367609,1.109716638456658,2.6837603380237436,1.7435103923910675,62.01140163999722,34.88828077798109,103.59157708261286,171.76910972802915,69.9746376302092,33.16393464636129,2.454733822785437,2.96923708398931,-4.664110697629919,4.882689405384492,-51.786134347098454,2.9586476169430656,-7.710382539611718,0.42465892215810647,-5.910312814804291,1.4583152511775492,-1.3227306615748753,3.0
1,0.16,0.02,0.05333333333333334,0.22,0.14,0.38,0.07333333333333333,0.24,0.16666666666666666,0.21333333333333335,5.181818181818182,3.272727272727273,37.55215251452783,-38.46264604035507,-26.219326647830343,96.70550275219954,76.0147985548829,89.68603650276931,77.44271711024459,122.92482940002988,12.243319392524725,63.771479162358176,59.1533502376717,135.1681487925546,10.040155407126175,6.208675614661695,0.5623721211980525,1.1919873829702774,0.8475655912449173,0.981561616009302,6.325303998646639,0.572936137707246,1.6171170842645568,0.9094215649034685,78.86221908708522,89.73619751012447,77.85482922348086,125.44127583465679,16.45900573386412,27.62069418077195,7.621437033499753,0.8675967043811602,-3.619752312137281,29.895345500923103,-9.680339638780573,4.916993176001196,1.113029035684066,1.0377780743451175,-1.992858723823693,3.7546707997931836,0.5696349144952672,3.0
2,0.08,0.06666666666666667,0.013333333333333334,0.23333333333333334,0.013333333333333334,0.31333333333333335,0.08,0.3,0.22,0.09333333333333334,3.9166666666666665,3.75,34.4161791448825,-18.14142211280638,-74.29728542325343,80.04517944376026,52.55760125768888,114.84692486500592,171.00278817545296,154.3424648670137,56.155863310447046,108.71346456813592,45.62900029887776,98.18660155656664,2.748465712542974,0.9359236624523809,0.5352828229563453,0.48345070655667055,0.45763176784634385,0.30734938195138384,3.045145744267103,1.7416102142707925,2.936634495746403,1.571930002874118,52.59564097871819,115.28146490632531,171.01448349124948,157.83091098142137,57.423697060896494,63.43468952755317,2.748532732297702,1.483451686098987,-26.27880062884444,11.484692486500592,-85.50139408772648,4.677044389909506,-4.679655275870587,0.9708297935931439,-7.765247469152565,2.1819244790348145,5.1907769672764195,3.0
3,0.08,0.06666666666666667,0.013333333333333334,0.23333333333333334,0.013333333333333334,0.31333333333333335,0.08,0.3,0.22,0.09333333333333334,3.9166666666666665,3.75,34.4161791448825,-18.14142211280638,-74.29728542325343,80.04517944376026,52.55760125768888,114.84692486500592,171.00278817545296,154.3424648670137,56.155863310447046,108.71346456813592,45.62900029887776,98.18660155656664,2.748465712542974,0.9359236624523809,0.5352828229563453,0.48345070655667055,0.45763176784634385,0.30734938195138384,3.045145744267103,1.7416102142707925,2.936634495746403,1.571930002874118,52.59564097871819,115.28146490632531,171.01448349124948,157.83091098142137,57.423697060896494,63.43468952755317,2.748532732297702,1.483451686098987,-26.27880062884444,11.484692486500592,-85.50139408772648,4.677044389909506,-4.679655275870587,0.9708297935931439,-7.765247469152565,2.1819244790348145,5.1907769672764195,3.0
0,0.13333333333333333,0.04666666666666667,0.013333333333333334,0.38,0.08666666666666667,0.5133333333333333,0.06,0.4266666666666667,0.36666666666666664,0.14666666666666667,8.555555555555555,7.111111111111111,64.00676574602534,3.3733266768363848,-66.02011617966907,96.70550275219954,60.63343906918895,34.17882583769145,103.57226869419691,162.7256189318686,69.39344285650546,130.0268819256944,32.6987370061742,93.33217607536315,2.344971113025177,0.8737632342953383,0.6496520451878153,0.4663146433353585,1.7740059110609967,0.5854215595895913,1.492536822367609,1.109716638456658,2.6837603380237436,1.7435103923910675,62.01140163999722,34.88828077798109,103.59157708261286,171.76910972802915,69.9746376302092,33.16393464636129,2.454733822785437,2.96923708398931,-4.664110697629919,4.882689405384492,-51.786134347098454,2.9586476169430656,-7.710382539611718,0.42465892215810647,-5.910312814804291,1.4583152511775492,-1.3227306615748753,3.0
1,0.16,0.02,0.05333333333333334,0.22,0.14,0.38,0.07333333333333333,0.24,0.16666666666666666,0.21333333333333335,5.181818181818182,3.272727272727273,37.55215251452783,-38.46264604035507,-26.219326647830343,96.70550275219954,76.0147985548829,89.68603650276931,77.44271711024459,122.92482940002988,12.243319392524725,63.771479162358176,59.1533502376717,135.1681487925546,10.040155407126175,6.208675614661695,0.5623721211980525,1.1919873829702774,0.8475655912449173,0.981561616009302,6.325303998646639,0.572936137707246,1.6171170842645568,0.9094215649034685,78.86221908708522,89.73619751012447,77.85482922348086,125.44127583465679,16.45900573386412,27.62069418077195,7.621437033499753,0.8675967043811602,-3.619752312137281,29.895345500923103,-9.680339638780573,4.916993176001196,1.113029035684066,1.0377780743451175,-1.992858723823693,3.7546707997931836,0.5696349144952672,3.0
2,0.08,0.06666666666666667,0.013333333333333334,0.23333333333333334,0.013333333333333334,0.31333333333333335,0.08,0.3,0.22,0.09333333333333334,3.9166666666666665,3.75,34.4161791448825,-18.14142211280638,-74.29728542325343,80.04517944376026,52.55760125768888,114.84692486500592,171.00278817545296,154.3424648670137,56.155863310447046,108.71346456813592,45.62900029887776,98.18660155656664,2.748465712542974,0.9359236624523809,0.5352828229563453,0.48345070655667055,0.45763176784634385,0.30734938195138384,3.045145744267103,1.7416102142707925,2.936634495746403,1.571930002874118,52.59564097871819,115.28146490632531,171.01448349124948,157.83091098142137,57.423697060896494,63.43468952755317,2.748532732297702,1.483451686098987,-26.27880062884444,11.484692486500592,-85.50139408772648,4.677044389909506,-4.679655275870587,0.9708297935931439,-7.765247469152565,2.1819244790348145,5.1907769672764195,3.0
3,0.08,0.06666666666666667,0.013333333333333334,0.23333333333333334,0.013333333333333334,0.31333333333333335,0.08,0.3,0.22,0.09333333333333334,3.9166666666666665,3.75,34.4161791448825,-18.14142211280638,-74.29728542325343,80.04517944376026,52.55760125768888,114.84692486500592,171.00278817545296,154.3424648670137,56.155863310447046,108.71346456813592,45.62900029887776,98.18660155656664,2.748465712542974,0.9359236624523809,0.5352828229563453,0.48345070655667055,0.45763176784634385,0.30734938195138384,3.045145744267103,1.7416102142707925,2.936634495746403,1.571930002874118,52.59564097871819,115.28146490632531,171.01448349124948,157.83091098142137,57.423697060896494,63.43468952755317,2.748532732297702,1.483451686098987,-26.27880062884444,11.484692486500592,-85.50139408772648,4.677044389909506,-4.679655275870587,0.9708297935931439,-7.765247469152565,2.1819244790348145,5.1907769672764195,3.0
0,0.1,0.06,0.013333333333333334,0.11333333333333333,0.04,0.21333333333333335,0.07333333333333333,0.17333333333333334,0.1,0.11333333333333333,2.909090909090909,2.3636363636363638,142.40676148154643,-66.24307275534017,-127.45871745561247,149.7658764628926,208.6498342368866,211.2828474637475,272.4984921640198,277.2245939185051,61.21564470027231,269.8654789371589,7.359114981346181,216.00894921823277,4.528655955121745,3.4084397094646373,0.9659314347485145,0.7731623735597281,0.9875379697951454,0.7656917019243468,4.451451806123144,1.261514826817272,1.3286595454648837,1.2833940210432044,208.7360853496114,211.47444675986077,272.50583155533457,277.63010548800366,62.196102418640166,15.229338746407358,4.463786229228376,1.2885993354307144,-34.77497237281443,23.475871940416386,-136.2492460820099,18.481639594567007,-5.565058609115664,0.22997234316706816,-15.874439937479936,8.308036508393569,0.17553421512405976,2.0
1,0.11333333333333333,0.06666666666666667,0.013333333333333334,0.35333333333333333,0.04666666666666667,0.4666666666666667,0.08,0.42,0.34,0.12666666666666668,5.833333333333333,5.25,145.03977470840732,-46.019883663776525,-108.46614104587503,121.20892411267653,191.05965837218383,195.78576012666912,258.2320175087676,229.67506515855155,62.44625738209851,253.50591575428234,23.830850595730794,167.22880777645304,3.6779636568642875,3.059585416034156,1.142504457889739,0.7536694274123911,0.9758608503936772,0.739875946504956,4.135268122294149,1.5441838098491094,1.202111775533195,1.3734180624284242,191.18784756698213,196.04097497303368,258.2397623656134,235.2692830685402,63.588796662865796,17.64471699386955,3.6998543047745915,1.3172744238857994,-27.294236910311977,19.57857601266691,-129.1160087543838,4.503432650167677,-5.203854781841542,-0.3404407227961542,-13.342416618646439,2.6544255202611593,0.2780059855579579,2.0
2,0.10666666666666667,0.04666666666666667,0.013333333333333334,0.12,0.06,0.22666666666666666,0.06,0.16666666666666666,0.10666666666666667,0.12,3.7777777777777777,2.7777777777777777,68.78308319602402,-63.17572364233875,-144.07450800154493,143.57481030899166,131.95880683836276,184.3846477550153,265.28343211422145,287.6493183105366,80.89878435920618,212.85759119756895,74.79172711296764,206.7505339513304,3.555669230248483,1.6311593293224316,0.6382513472464656,0.6199393974907946,0.7156713340564628,0.49742573739601675,3.2792017113175884,1.283108812558955,2.179841764277849,1.3912869428344499,132.26536471126647,184.51747431541835,265.29097111341866,288.0939609303125,81.39787043158648,54.81303490793185,3.539330444430368,1.4377552700505984,-14.662089648706974,26.340663965002186,-132.64171605711073,17.97808239440854,-8.988753817689576,2.1997566797931656,-11.825421733198276,8.270021358053215,3.2766150572907815,2.0
3,0.12,0.06666666666666667,0.04666666666666667,0.23333333333333334,0.05333333333333334,0.35333333333333333,0.11333333333333333,0.3,0.18666666666666668,0.16666666666666666,3.1176470588235294,2.6470588235294117,121.20892411267653,-34.25614551673221,-69.66461862358483,79.89534765190614,155.46506962940873,177.83095582572386,213.2394289325765,149.55996627549098,35.40847310685262,190.87354273626136,41.31357646077039,114.15149316863835,4.223846812715191,4.3906177247536124,1.3619188441077767,0.8144925032602442,0.8742295114342526,0.7290634307530656,6.022271231212965,1.8680388929959373,0.9620165264905223,1.3101884357705507,155.67076756692924,178.11189979866745,213.354292320289,152.15841584455984,39.27798324454433,28.70945602665644,3.873885654902979,1.1978665802872157,-19.43313370367609,17.783095582572386,-30.46277556179664,5.34142736698182,-2.0828513592266247,-0.7795014426560452,-7.634941709450454,2.5366998481919634,1.2425492331286183,2.0
0,0.07333333333333333,0.05333333333333334,0.013333333333333334,0.09333333333333334,0.02,0.16666666666666666,0.06666666666666667,0.14666666666666667,0.08,0.08666666666666667,2.5,2.2,28.318704876495815,-40.859609827783416,-120.23617870951206,108.31479848158031,69.17831470427923,153.09328131391564,232.46985019564428,228.5509771910924,79.37656888172864,148.55488358600786,79.9960936050845,149.17440830936374,2.879325478676637,0.8715205970587511,0.46374117040782575,0.4656751298534559,0.4518703506160408,0.2975797276337532,2.928696131247814,1.558376217678968,3.3037951006481325,1.5321058067622055,69.24333343596548,153.3021617051166,232.47845330263468,228.86578856395997,80.00399794657648,84.6328637179222,2.860679396507004,1.5164721143972983,-23.059438234759742,19.136660164239455,-116.23492509782214,19.045914765924365,-7.937656888172865,3.19984374420338,-11.42729873738522,6.780654923152897,7.628633328148765,2.0
1,0.11333333333333333,0.06666666666666667,0.013333333333333334,0.23333333333333334,0.04666666666666667,0.3466666666666667,0.08,0.3,0.22,0.12666666666666668,4.333333333333333,3.75,114.51206106344459,-36.97546053231402,-119.75144470301086,129.0657381822651,151.4875215957586,163.8084229332341,246.58440710393097,248.81718288527597,82.77598417069684,234.26350576645547,14.553677118820517,166.04119871457914,3.0059102936447917,1.8300902503722334,0.9123489999380338,0.6466543779413136,0.924784689841637,0.6143434752218915,2.9789365789410116,1.4850796610292105,1.642492927894349,1.4985267801697022,151.64916484842715,164.11337368987725,246.59251778348255,250.9959969779695,83.64127901597067,20.99534733620299,3.0008627310689944,1.5025741792954972,-21.6410745136798,16.38084229332341,-123.29220355196549,7.53991463288715,-6.897998680891404,0.27987840613116377,-12.329658198234497,3.6898044158795362,0.7247589022044423,2.0
2,0.12,0.013333333333333334,0.013333333333333334,0.21333333333333335,0.10666666666666667,0.3333333333333333,0.02666666666666667,0.22666666666666666,0.2,0.13333333333333333,12.5,8.5,98.12425509658279,-27.736358023517596,-104.4717407550627,138.7866317536081,125.86061312010038,156.8020962057827,233.53747893732782,243.2583725086708,76.7353827315451,202.59599585164548,40.66237665702532,166.5229897771257,3.1700939494847904,1.6401900745112257,0.7558152378152241,0.6212393911884816,0.8026717509881017,0.5389311115834918,3.0434132289969416,1.4024338576306747,1.93276011039725,1.460809542479676,126.87353520323923,156.81485061857992,233.54604271621224,245.10127660941964,76.83956638969738,35.79630393688104,3.18977953840045,1.4893107495556352,-7.866288320006274,78.40104810289135,-116.76873946866391,8.108612416955692,-19.183845682886275,0.8132475331405064,-10.129799792582274,4.897734993444874,1.7189712825379067,2.0
3,0.17333333333333334,0.06,0.013333333333333334,0.11333333333333333,0.11333333333333333,0.2866666666666667,0.07333333333333333,0.17333333333333334,0.1,0.18666666666666668,3.909090909090909,2.3636363636363638,33.496349270599225,-15.86381614329585,-142.0197077275909,125.58433471670394,49.360165413895075,154.65044789690396,280.806339481199,267.60404244429486,126.15589158429506,175.51605699819015,92.08798544610471,141.44815085999977,2.1212171630168117,0.391263260035014,0.3489629600230686,0.28122877335606994,0.31917246981916597,0.17578009636495373,2.22586782079511,1.985224534742281,5.421457570094838,1.8918878812997675,52.20561205164713,154.91210745036364,280.8134617372009,268.0241099836505,126.63454892496128,108.4529556321625,2.1165164819473645,1.8127276580184548,-2.903539141993828,17.183383099655995,-140.4031697405995,17.840269496286325,-11.468717416754096,2.141581056886156,-6.26843060707822,5.440313494615376,4.049626249346495,2.0
0,0.16666666666666666,0.06,0.013333333333333334,0.26666666666666666,0.10666666666666667,0.43333333333333335,0.07333333333333333,0.32666666666666666,0.25333333333333335,0.18,5.909090909090909,4.454545454545454,111.19601733411703,-31.707189735193097,-84.41338889014611,100.55452504596335,142.90320706931013,129.99989107057883,182.70609022553185,184.96791393610945,52.70619915495301,195.60940622426313,10.641492288153685,132.26171478115646,3.5094147728678946,2.7113168727872674,1.0804578430406815,0.730553861532987,1.0992563600820704,0.782148021956525,3.4665009648748732,1.3813981659608898,1.2943580324715689,1.3984992878866118,143.796128566433,130.31105739100715,182.71703644022958,188.83095399291926,53.841837165549705,28.133530950862085,3.507141730924095,1.4021606462141945,-8.931450441831883,14.444432341175425,-91.35304511276593,4.867576682529196,-4.791472650450274,-0.16371526597159516,-7.244792823120856,2.699218669003193,-0.5161326399492515,2.0
1,0.16666666666666666,0.06666666666666667,0.02,0.1,0.1,0.26666666666666666,0.08666666666666667,0.16666666666666666,0.08,0.18666666666666668,3.076923076923077,1.9230769230769231,98.29270133538574,-26.702084841050244,-64.47350508809879,100.55452504596335,124.99478617643598,99.7570580179945,137.52847826504302,165.02803013406213,37.771420247048546,162.76620642348453,2.261823710577602,127.25660988701358,4.3691243023078385,3.3092424208275055,0.982226277184456,0.7679406488790738,1.2529919051330587,0.9088647511648295,3.6410724660476457,1.0807177590786792,1.3202793106995467,1.2968130321920754,125.89160643701767,100.25702281838176,137.56119486940497,165.46374445759687,39.945965847368726,35.52383597810618,4.142189103395935,1.3720853761895633,-8.332985745095732,9.97570580179945,-45.84282608834767,13.752335844505177,-2.9054938651575806,0.056545592764440045,-5.813078800838733,5.090264395480543,-1.0095091263376599,2.0
2,0.11333333333333333,0.05333333333333334,0.06,0.17333333333333334,0.06,0.2866666666666667,0.11333333333333333,0.22666666666666666,0.11333333333333333,0.17333333333333334,2.5294117647058822,2.0,100.55452504596335,-46.548961365313446,-76.09601321719184,73.2569421534117,147.10348641127678,113.03041058921022,142.5774624410886,149.35295537060352,29.547051851878393,176.65053826315517,27.297582892551645,119.80590351872515,5.054749831533826,4.97861807495102,1.2278483955365784,0.8327372667958569,1.301450518001738,1.0317443156351465,4.825437852677831,1.1900704243577143,1.0152917447043885,1.2466243397368169,147.37854563793434,113.31316656931553,142.8612361564187,150.31734855941775,34.088535802195885,38.07853064360936,4.409615872962626,1.2607646620574153,-16.344831823475197,14.128801323651277,-15.841940271232069,8.785467962976679,-1.7380618736399054,-0.634827509129108,-6.794251471659814,3.5237030446683866,-2.0042985777686217,2.0
3,0.1,0.06666666666666667,0.013333333333333334,0.14,0.03333333333333333,0.24,0.08,0.20666666666666667,0.12666666666666668,0.11333333333333333,3.0,2.5833333333333335,67.63925878819012,-29.845211017261107,-111.14359673681884,100.46733230220005,97.48446980545123,150.46953809577974,231.7679238153375,211.61092903901888,81.29838571955773,178.78285552500896,32.82807351400993,130.31254331946116,2.602892138215141,1.199094778360398,0.7480820136129803,0.5452674392026067,0.6478684725103533,0.42061243074827975,2.850830576326951,1.7785542198125817,2.1707142631162553,1.623872296930425,97.6126111383664,150.80146516117577,231.77655297650816,212.46219731697374,82.17924020460391,55.0673901844892,2.585351200473511,1.5369648612418099,-19.496893961090244,15.046953809577975,-115.88396190766875,11.137417317843099,-6.77486547662981,0.9118909309447203,-10.516638560294645,4.203630429660037,3.5323378860219017,2.0
0,0.16666666666666666,0.06,0.013333333333333334,0.26666666666666666,0.10666666666666667,0.43333333333333335,0.07333333333333333,0.32666666666666666,0.25333333333333335,0.18,5.909090909090909,4.454545454545454,111.19601733411703,-31.707189735193097,-84.41338889014611,100.55452504596335,142.90320706931013,129.99989107057883,182.70609022553185,184.96791393610945,52.70619915495301,195.60940622426313,10.641492288153685,132.26171478115646,3.5094147728678946,2.7113168727872674,1.0804578430406815,0.730553861532987,1.0992563600820704,0.782148021956525,3.4665009648748732,1.3813981659608898,1.2943580324715689,1.3984992878866118,143.796128566433,130.31105739100715,182.71703644022958,188.83095399291926,53.841837165549705,28.133530950862085,3.507141730924095,1.4021606462141945,-8.931450441831883,14.444432341175425,-91.35304511276593,4.867576682529196,-4.791472650450274,-0.16371526597159516,-7.244792823120856,2.699218669003193,-0.5161326399492515,2.0
1,0.16666666666666666,0.06666666666666667,0.02,0.1,0.1,0.26666666666666666,0.08666666666666667,0.16666666666666666,0.08,0.18666666666666668,3.076923076923077,1.9230769230769231,98.29270133538574,-26.702084841050244,-64.47350508809879,100.55452504596335,124.99478617643598,99.7570580179945,137.52847826504302,165.02803013406213,37.771420247048546,162.76620642348453,2.261823710577602,127.25660988701358,4.3691243023078385,3.3092424208275055,0.982226277184456,0.7679406488790738,1.2529919051330587,0.9088647511648295,3.6410724660476457,1.0807177590786792,1.3202793106995467,1.2968130321920754,125.89160643701767,100.25702281838176,137.56119486940497,165.46374445759687,39.945965847368726,35.52383597810618,4.142189103395935,1.3720853761895633,-8.332985745095732,9.97570580179945,-45.84282608834767,13.752335844505177,-2.9054938651575806,0.056545592764440045,-5.813078800838733,5.090264395480543,-1.0095091263376599,2.0
2,0.11333333333333333,0.05333333333333334,0.06,0.17333333333333334,0.06,0.2866666666666667,0.11333333333333333,0.22666666666666666,0.11333333333333333,0.17333333333333334,2.5294117647058822,2.0,100.55452504596335,-46.548961365313446,-76.09601321719184,73.2569421534117,147.10348641127678,113.03041058921022,142.5774624410886,149.35295537060352,29.547051851878393,176.65053826315517,27.297582892551645,119.80590351872515,5.054749831533826,4.97861807495102,1.2278483955365784,0.8327372667958569,1.301450518001738,1.0317443156351465,4.825437852677831,1.1900704243577143,1.0152917447043885,1.2466243397368169,147.37854563793434,113.31316656931553,142.8612361564187,150.31734855941775,34.088535802195885,38.07853064360936,4.409615872962626,1.2607646620574153,-16.344831823475197,14.128801323651277,-15.841940271232069,8.785467962976679,-1.7380618736399054,-0.634827509129108,-6.794251471659814,3.5237030446683866,-2.0042985777686217,2.0
3,0.1,0.06666666666666667,0.013333333333333334,0.14,0.03333333333333333,0.24,0.08,0.20666666666666667,0.12666666666666668,0.11333333333333333,3.0,2.5833333333333335,67.63925878819012,-29.845211017261107,-111.14359673681884,100.46733230220005,97.48446980545123,150.46953809577974,231.7679238153375,211.61092903901888,81.29838571955773,178.78285552500896,32.82807351400993,130.31254331946116,2.602892138215141,1.199094778360398,0.7480820136129803,0.5452674392026067,0.6478684725103533,0.42061243074827975,2.850830576326951,1.7785542198125817,2.1707142631162553,1.623872296930425,97.6126111383664,150.80146516117577,231.77655297650816,212.46219731697374,82.17924020460391,55.0673901844892,2.585351200473511,1.5369648612418099,-19.496893961090244,15.046953809577975,-115.88396190766875,11.137417317843099,-6.77486547662981,0.9118909309447203,-10.516638560294645,4.203630429660037,3.5323378860219017,2.0
0,0.1,0.06,0.013333333333333334,0.26,0.04,0.36,0.07333333333333333,0.32,0.24666666666666667,0.11333333333333333,4.909090909090909,4.363636363636363,50.763194003977915,-7.551783518213739,-92.10172584217739,93.02704216818972,58.314977522191654,90.53504757395913,175.08498989792278,185.1287680103671,84.54994232396365,142.86491984615532,42.26384816421181,100.57882568640346,2.1895788799124563,0.6897104352685487,0.5797937798957106,0.40818262163299696,0.6441149486838615,0.3330666869626584,2.0707878099675434,1.7407738527771583,3.1746349887542475,1.840633619919002,58.62283346456155,90.9812884016216,175.09641254907459,188.7899911145618,85.26249320179171,35.540581229642314,2.2142208610737004,1.9245321277067535,-9.719162920365276,10.059449730439903,-87.54249494896139,5.003480216496408,-7.6863583930876045,0.7826638548928112,-8.403818814479724,2.095392201800072,2.148004670117832,1.0
1,0.1,0.013333333333333334,0.013333333333333334,0.2866666666666667,0.08666666666666667,0.38666666666666666,0.02666666666666667,0.3,0.2733333333333333,0.11333333333333333,14.5,11.25,29.96380065003885,0.9520538188430834,-102.06474712091543,90.25476895844432,29.011746831195765,92.07498834934664,195.09178928910515,192.31951607935974,103.01680093975851,132.02854777095428,60.29096830840547,89.30271513960123,1.8668752506867603,0.28162150801169866,0.3248697062104277,0.21973843779245314,0.3150882487339639,0.1487081898059967,1.8937861349741354,2.1846120690074273,6.629022278402151,2.153568520046887,31.79121662027733,92.09670721330009,195.10204060446063,196.64128830181903,103.09442892737623,64.82262283166756,1.9073900534464465,2.118447515746633,-2.231672833168905,46.03749417467332,-97.54589464455258,4.690719904374628,-25.754200234939628,1.0394994535931976,-7.76638516299731,1.9845047808800274,4.204216101210059,1.0
2,0.15333333333333332,0.013333333333333334,0.013333333333333334,0.13333333333333333,0.14,0.2866666666666667,0.02666666666666667,0.14666666666666667,0.12,0.16666666666666666,10.75,5.5,93.02704216818972,-5.074672986338442,-109.76979436518994,90.25476895844432,98.10171515452816,92.95897833522355,197.65409971407504,200.02456332363425,104.6951213788515,202.79683653337966,2.772273209745407,95.32944194478276,1.9105433060230388,0.9370227940186027,1.0290809759628214,0.4837438139148732,1.0553226478109425,0.4963302825311561,1.8879017198790062,2.0733793850231637,2.038950725872213,2.09824540292068,100.3242070303084,92.98049071245302,197.66421814223617,200.8328308141141,104.7715058617201,23.567938857537612,1.9168649831107514,2.1258676592009285,-4.671510245453722,46.479489167611774,-98.82704985703752,11.112475740201903,-26.173780344712874,-0.06447146999407924,-8.111873461335186,4.33315645203558,-0.22359725301324418,1.0
3,0.13333333333333333,0.06666666666666667,0.013333333333333334,0.30666666666666664,0.06666666666666667,0.44,0.08,0.37333333333333335,0.29333333333333333,0.14666666666666667,5.5,4.666666666666667,87.8843053488851,3.196531619331907,-93.53072044159792,87.36323633250831,84.6877737295532,87.05823733911241,183.78548940004225,180.89395677410624,96.72725206092983,181.415025790483,0.5210690163767993,84.1667047131764,1.8701446895251264,0.8755316823867508,1.0061909162079292,0.4668178578954065,0.9727715184454552,0.4607968453114108,1.9000383602779622,2.18358898600518,2.136010297682206,2.1492341584544308,85.27613393715735,87.6306834881095,183.79637132983078,186.16826689151998,97.46877085127653,20.139987530389497,1.9100299025580845,2.097397441328526,-8.46877737295532,8.705823733911242,-91.89274470002113,4.111226290320596,-8.060604338410819,-0.00789498509661817,-8.246137535931046,1.50297686987815,0.11852318047796047,1.0
0,0.2,0.013333333333333334,0.04,0.26,0.18666666666666668,0.46,0.05333333333333334,0.2733333333333333,0.22,0.24,8.625,5.125,19.22090337917099,-63.395445744367024,-55.07883755311873,105.71088214654642,82.61634912353801,107.7797380615963,99.46312987034801,160.78971969966517,8.316608191248292,74.29974093228972,86.48997876737543,169.10632789091346,19.333569166919144,9.933899400295976,0.4885467631751302,1.1119332057809908,0.7665295036839171,0.8306228572459957,11.95957866273113,0.5881691780008927,1.9462215579053588,0.9508202425363222,87.23222536713322,107.79829282797715,99.64393711413513,164.14120129052574,11.53975614156288,39.15604861126815,14.223974863674666,0.9243554280877656,-2.950583897269215,53.88986903079815,-16.57718831172467,4.872415748474702,1.0395760239060365,1.2534779531503686,-2.063881692563603,4.124544582705206,0.8387796312686097,1.0
1,0.14,0.06666666666666667,0.06,0.26666666666666666,0.07333333333333333,0.4066666666666667,0.12666666666666668,0.3333333333333333,0.20666666666666667,0.2,3.210526315789474,2.6315789473684212,54.43483175841263,-1.9906556481263777,-78.07193406276714,88.76049702892672,56.425487406539006,107.7015377946728,183.78281620931358,166.83243109169388,76.08127841464076,132.50676582117978,34.325665270514094,90.7511526770531,2.192818451110429,0.741647466792313,0.6217605588695347,0.4258309910203845,0.5239060515005011,0.3070226508134199,2.4156115675094543,2.0251292770167098,2.9566856886797597,1.8383505461950824,57.48769980670206,108.16478744645752,184.0030530557206,169.68812587793167,78.41786100886763,55.40968636805695,2.1638963839978116,1.7011363623933868,-5.129589764230818,10.77015377946728,-20.420312912145953,5.381691325538513,-4.004277811296882,0.5627158241067884,-4.416892194039326,1.815023053541062,2.4417166851492285,1.0
2,0.10666666666666667,0.06666666666666667,0.013333333333333334,0.14666666666666667,0.04,0.25333333333333335,0.08,0.21333333333333335,0.13333333333333333,0.12,3.1666666666666665,2.6666666666666665,34.985601045259116,-9.540139572305165,-101.93713266971203,70.81312943369828,44.52574061756428,98.30063660123189,190.69762969863876,172.7502621034103,92.39699309740686,136.92273371497114,35.82752838843916,80.35326900600344,1.8696524238758867,0.48189599168691893,0.5541248186708823,0.32518880838482583,0.45295475346907665,0.23348869457857827,2.0638943249765855,2.3732404674711014,3.879784136263523,2.1498846809891905,44.928182442010865,98.80797111674467,190.7081172175929,173.904149049978,93.17298070493534,56.10471850080232,1.8664654466803632,1.9300883831757396,-7.420956769594047,9.830063660123189,-95.34881484931938,8.637513105170516,-7.699749424783906,0.9428296944326096,-7.606818539720619,2.5110396564376076,3.3609309989792253,1.0
3,0.14666666666666667,0.013333333333333334,0.013333333333333334,0.15333333333333332,0.13333333333333333,0.3,0.02666666666666667,0.16666666666666666,0.14,0.16,11.25,6.25,88.76049702892672,0.07154076330401438,-83.7817329642906,45.80188317173443,88.6889562656227,70.74158867039426,154.5948623979889,129.58361613602503,83.85327372759461,172.54222999321732,42.95861385719229,45.73034240843042,1.545361443573328,1.0576683810072494,1.9393897267052356,0.5140130405704684,1.253703202494511,0.5736863107216457,1.8436353826829124,3.3805752210919207,1.4611020536528037,2.8336463125221694,90.91606548616993,70.76985493563805,154.607798897252,131.27419232617157,83.9486242581432,28.39204120168636,1.5637444149471895,2.184656151095134,-4.434447813281135,35.37079433519713,-77.29743119899445,6.170648387429763,-20.963318431898653,-0.954635863493162,-7.189259583050721,1.8292136963372168,-0.8157894361467474,1.0
0,0.16666666666666666,0.013333333333333334,0.013333333333333334,0.16,0.15333333333333332,0.32666666666666666,0.02666666666666667,0.17333333333333334,0.14666666666666667,0.18,12.25,6.5,118.09879758696597,-14.488508807206173,-82.30160494161578,100.4700006397162,132.58730639417215,112.39348591410847,180.20658204851807,182.77160558133198,67.8130961344096,200.40040252858176,17.628796947249768,114.95850944692238,2.6952257897068694,1.9551873303554255,1.153349212964432,0.6616119764293493,1.1796707372836168,0.7357517405134231,2.657400890402318,1.5675793198390542,1.378500028034099,1.5898919224045756,134.56743222957806,112.41127913125489,180.21768008053283,184.0909009342341,67.93096501106605,32.13705626813133,2.7099703486362285,1.6031992649963986,-5.764665495398789,56.196742957054234,-90.10329102425904,8.307800253696909,-16.9532740336024,-0.3597713662704034,-7.422237130688213,4.421481132573938,-0.8077528192025472,3.0
1,0.16,0.06666666666666667,0.013333333333333334,0.2866666666666667,0.09333333333333334,0.44666666666666666,0.08,0.35333333333333333,0.2733333333333333,0.17333333333333334,5.583333333333333,4.416666666666667,97.9049771069023,7.397074908200771,-112.40107514241598,32.0603711547801,90.50790219870152,93.07292573151543,212.87107578213218,144.46144629719606,119.79815005061675,210.30605224931827,65.8446059521222,24.66329624657933,1.2058737654643135,0.7555033375762513,3.669740706749792,0.43036280330821963,0.9724407123483669,0.42517707897212825,1.77691454911608,8.631087817860369,1.5961197065428017,5.857345459945652,91.58428009440112,93.60859738413019,212.88047093296805,150.16693865920575,120.39766092225416,24.136680503414073,1.247257940967598,2.274155119100828,-6.464850157050108,9.307292573151543,-106.43553789106609,3.523449909687709,-9.98317917088473,-0.9827553127182417,-8.088694317281472,0.46534521219960995,0.10687598053391294,3.0
2,0.16666666666666666,0.03333333333333333,0.04666666666666667,0.2866666666666667,0.13333333333333333,0.4533333333333333,0.08,0.32,0.24,0.21333333333333335,5.666666666666667,4.0,29.463937656370078,-39.1425067048019,-10.919756961124463,38.54452270198332,68.60644436117198,71.202877859582,42.98012811590456,49.46427966310778,28.22274974367744,40.38369461749454,9.08058504561324,77.68702940678523,1.7526385668423023,2.4308915674150935,0.8831132414902179,1.6988649753569383,0.9635347112861027,1.5962363857120412,1.5228894599660021,0.5532471564957362,0.7209859091765181,0.6367122033216467,71.46218725929529,71.37821667348206,43.54642824457099,61.17773257150136,30.66795726966902,25.13446770694907,1.9948421094223603,0.6100800814872286,-3.430322218058599,14.2405755719164,-6.140018302272081,1.3740077684196605,2.35189581197312,0.1335380153766653,-1.2619904567967044,1.6184797793080257,0.10385733993640088,3.0
3,0.12666666666666668,0.04666666666666667,0.013333333333333334,0.29333333333333333,0.08,0.42,0.06,0.34,0.28,0.14,7.0,5.666666666666667,38.54452270198332,-3.608192426398901,-67.91701930973642,91.46999212758166,42.15271512838222,71.30505810179137,135.6138849851289,159.38701143731808,64.30882688333752,106.46154201171973,52.925469425598344,95.07818455398056,2.478462431393153,0.6554732401642368,0.44334791757040803,0.3959431202277896,0.591160238144778,0.31082890319825723,2.1087911497926357,1.4263407070854852,3.7811801909291436,1.6763783636069138,43.827518669148304,71.64782837532373,135.62863193573756,164.82784781377134,64.93554662210117,34.797400777059174,2.538330027049796,1.8929901297950504,-3.512726260698518,10.186436871684482,-67.80694249256445,3.7949288437456685,-7.145425209259724,0.8400868162793388,-5.06959723865332,1.8642781285094228,1.534333840705745,3.0
0,0.18,0.06,0.013333333333333334,0.3466666666666667,0.12,0.5266666666666666,0.07333333333333333,0.4066666666666667,0.3333333333333333,0.19333333333333333,7.181818181818182,5.545454545454546,52.42797790050787,-6.042132934258063,-61.33981874452715,100.90550700753133,58.47011083476593,69.67053411756623,124.96821992783532,162.24532575205848,55.29768581026909,113.76779664503502,48.47752910702346,106.94763994178939,2.934034641318184,1.0573699419426283,0.5467171680140924,0.5139425440153116,0.8392372984553264,0.46787984071894706,2.2599177180146666,1.1684990897962253,2.774842110536731,1.5170538203588888,61.17805048405688,70.249436469106,124.98422297206882,169.77498557912344,56.38114982838888,29.23096785455273,3.011201192169352,1.77914911854181,-3.24833949082033,7.741170457507359,-62.48410996391766,3.2449065150411696,-5.027062346388099,0.613639608949664,-3.923027470518449,1.7532399990457277,0.4148304919555667,3.0
1,0.19333333333333333,0.06,0.04,0.15333333333333332,0.13333333333333333,0.3466666666666667,0.1,0.21333333333333335,0.11333333333333333,0.23333333333333334,3.466666666666667,2.1333333333333333,63.62840118330817,-24.782941275069277,-79.67025779760283,100.90550700753133,88.41134245837745,111.66908127071305,166.55639779324662,180.57576480513416,54.88731652253355,143.298658980911,37.277105824223156,125.6884482826006,3.2899361135828205,1.6107791027109308,0.7034166119991512,0.6169725738337498,0.7917262455490864,0.5308192517955758,3.034515227664085,1.3251527890515256,2.042450208129643,1.4366934055795146,90.64527276859226,112.03117294684152,166.66443425596898,181.3742176687721,56.90006603726207,37.174217068592334,3.1875923931265002,1.487661245277248,-4.4205671229188725,12.407675696745894,-27.75939963220777,10.622103812066715,-3.6591544348355702,0.7168674196965992,-4.0942473994546,3.927764008831269,0.8019909935288139,3.0
2,0.17333333333333334,0.06,0.013333333333333334,0.30666666666666664,0.11333333333333333,0.48,0.07333333333333333,0.36666666666666664,0.29333333333333333,0.18666666666666668,6.545454545454546,5.0,100.90550700753133,-10.38499709901545,-79.24229459051149,42.15703354675523,111.29050410654678,59.6487417513531,128.50603924284914,121.39932813726672,68.85729749149604,180.1478015980428,58.7484734607761,52.54203064577068,1.7630568227319652,1.6162485046743418,2.1181233907164376,0.6177733123541813,1.865764487882466,0.866033260088511,1.8662660883360953,2.4457760323200053,1.0908327634228523,2.310518391565794,112.58142077753907,60.32389570078854,128.52160177139362,129.12705708789215,69.73039091983055,57.81757188909181,1.851804577380762,2.130525561692356,-6.546500241561575,6.6276379723725665,-64.25301962142457,2.7590756394833345,-6.259754317408731,-0.8159510202885569,-6.4338500570729575,0.9553096481049215,-1.9862216290459107,3.0
3,0.19333333333333333,0.03333333333333333,0.02666666666666667,0.38666666666666666,0.16,0.58,0.06,0.42,0.36,0.22,9.666666666666666,7.0,49.26374465233765,-24.649539628691443,-55.1109284613982,42.87575022441308,73.91328428102909,52.26544920210113,82.72683803480788,97.98667868581128,30.46138883270676,104.37467311373585,6.387994427924568,67.52528985310452,3.216750202164184,2.4264581200469597,1.094601510660985,0.7081534444710228,1.4141901659587706,0.8934619772356048,2.7157933766297315,1.2251237753258524,1.3256978043791374,1.4511108193533548,77.71211998915112,52.50406822616142,82.82348538450515,111.88113871371002,31.763126571818336,36.188793342752724,3.5223591248405612,1.577467959772998,-3.079720178376212,10.453089840420226,-20.68170950870197,1.81456812381132,-3.38459875918964,-0.07342522330947779,-3.1628688822344198,1.0718299976683259,-0.7464770716871711,3.0
0,0.18,0.02666666666666667,0.013333333333333334,0.30666666666666664,0.15333333333333332,0.4866666666666667,0.04,0.3333333333333333,0.29333333333333333,0.19333333333333333,12.166666666666666,8.333333333333334,28.75421669855858,-10.99771228152639,-78.65943050192591,102.34800395861545,39.75192898008497,129.80723242062004,197.46895064101955,181.00743446054136,67.66171822039952,107.41364720048449,73.59378726005687,113.34571624014184,2.6751823515762996,0.5875098951906316,0.35071399518852453,0.37008266655250177,0.30623816746415994,0.2013072376747995,2.918473781552359,1.7421827413631459,4.5534251822401615,1.5969499374554823,45.92620012190992,129.8688476452335,197.47907855584452,186.2785315864047,67.92722659241097,94.0157310122452,2.7423249988424567,1.520603918002752,-1.7283447382645638,32.45180810515501,-98.73447532050977,4.1138053286486675,-11.276953036733254,1.0081340720555736,-3.7039188689822238,2.266914324802837,3.3353816089087056,3.0
1,0.14666666666666667,0.06666666666666667,0.013333333333333334,0.16,0.08,0.30666666666666664,0.08,0.22666666666666666,0.14666666666666667,0.16,3.8333333333333335,2.8333333333333335,118.80952013909364,7.8599811323621935,-87.99699184676157,102.34800395861545,110.94953900673144,80.25435610126291,176.11132908038667,190.34499580537704,95.85697297912377,206.8065119858552,16.461516180478185,94.48802282625326,1.9857188255551463,1.1574488068895583,1.1742180192588854,0.5364895812097057,1.3824737297342231,0.6299966026381422,1.8372302359134698,1.8638481768660162,1.7155996997322231,2.0144880812607093,111.59659585223118,80.87497556864123,176.12268516707394,191.61215365458685,96.60517205988748,37.76498713888524,1.983456471003464,2.1777154667279355,-9.24579491722762,8.02543561012629,-88.05566454019333,8.652045263880774,-7.988081081593648,-0.35785904740169966,-8.616937999410633,2.7790594948898018,-1.3952355866122057,3.0
2,0.16,0.013333333333333334,0.013333333333333334,0.32666666666666666,0.14666666666666667,0.4866666666666667,0.02666666666666667,0.34,0.31333333333333335,0.17333333333333334,18.25,12.75,88.11433723362511,-20.461392463167115,-90.97420201363741,53.71501115465146,108.57572969679222,122.80939642178257,193.32220597225285,144.68921316828886,70.5128095504703,179.08853924726253,34.39932607897365,74.17640361781858,2.051956433032583,1.5398014969050124,1.4637502548143257,0.6062684421524303,0.884099530331494,0.5616309267253855,2.7416608018416913,2.6062493804406173,1.332611013274761,1.9506097102493085,110.78216950028957,122.8256807409694,193.33255111847606,152.13141821221063,70.62617298637167,27.903355863374163,2.1540374025584903,1.5740401351912767,-4.935260440763283,61.40469821089128,-96.66110298612642,3.078493897197635,-17.628202387617574,-0.4712236449174473,-6.8880207402793285,1.4544392866238938,0.5930694468745976,3.0
3,0.17333333333333334,0.013333333333333334,0.013333333333333334,0.12,0.16,0.29333333333333333,0.02666666666666667,0.13333333333333333,0.10666666666666667,0.18666666666666668,11.0,5.0,53.71501115465146,-16.795304835284526,-89.83401072707113,48.2521594308647,70.51031598993598,96.90170849696989,169.9404143887565,138.08617015793584,73.0387058917866,143.54902188172258,5.4628517237867555,65.04746426614923,1.890588948310816,0.9653828765039092,1.0839825469819215,0.49119328760061526,0.7276478101739644,0.41491199279199265,2.3267172153972506,2.6125601713454287,1.9583825177814413,2.122852469589595,74.48291522893436,96.92234577037293,169.95218281217302,139.01003700771543,73.14815485264754,37.04734266395264,1.9003902051629682,1.7534881297118146,-2.937929832913999,48.450854248484944,-84.97020719437825,8.63038563487099,-18.25967647294665,-0.12415572099515354,-5.126750781490093,3.252373213307462,1.0150535579628426,3.0
0,0.17333333333333334,0.013333333333333334,0.013333333333333334,0.2,0.16,0.37333333333333335,0.02666666666666667,0.21333333333333335,0.18666666666666668,0.18666666666666668,14.0,8.0,82.33997335995721,-3.9847054074691357,-105.22999746540505,107.42203080509346,86.32467876742635,102.62384019165744,203.86913224959335,212.6520282704985,101.24529205793591,187.56997082536225,25.082057445136243,111.40673621256259,2.100364609040902,0.8526290656362422,0.7748604949948448,0.4602265404615288,0.8411756820462845,0.42343182518548506,2.013615923325429,1.829953368893365,2.463397852234353,1.9087896791515482,89.59882903419748,102.64332699052017,203.87894222847584,214.48749410526688,101.32427726807006,30.68652249983929,2.1168420825524854,1.986285404089693,-3.596861615309431,51.31192009582872,-101.93456612479667,7.594715295374947,-25.31132301448398,0.4478938829488615,-6.698927529477223,3.481460506642581,0.626890824008888,3.0
1,0.2,0.05333333333333334,0.013333333333333334,0.19333333333333333,0.14666666666666667,0.3933333333333333,0.06666666666666667,0.24666666666666667,0.18,0.21333333333333335,5.9,3.7,98.6391347841883,-8.31547772782848,-100.35985777408698,100.06084950342459,106.95461251201678,115.73750853292194,207.78188857918042,200.42070727751155,92.0443800462585,198.9989925582753,1.4217147192362916,108.37632723125307,2.1774355715882563,1.1619896017363025,0.9868816857374891,0.5374630853002734,0.9241136591565142,0.5147446355569104,2.257409832895349,1.9172257806431847,1.8738855910023842,1.8493033709276239,109.19381455739907,116.0136667871858,207.79151383425395,202.23120408487404,92.5860027115334,31.259226838071854,2.1842524589268417,1.7910951320539195,-4.8615732960007625,14.467188566615242,-103.89094428959021,7.422989158426354,-9.20443800462585,0.02409685964807274,-6.218718517446103,2.929089925169002,0.29276320069683853,3.0
2,0.19333333333333333,0.013333333333333334,0.013333333333333334,0.30666666666666664,0.18,0.5,0.02666666666666667,0.32,0.29333333333333333,0.20666666666666667,18.75,12.0,107.42203080509346,-6.46330727980768,-104.35933032974812,24.789246747020854,113.88533808490114,106.52415678323227,204.4201798331727,129.14857707676896,97.89602304994044,211.78136113484157,82.6327840580726,31.252554026828534,1.319242325205442,1.163329566787447,3.6440329960596842,0.5377495803910247,1.0691033989280783,0.5571139707334323,2.0881356919768876,6.540911173457684,1.1340228623678417,4.132416728754465,117.04217287248316,106.54293021303033,204.42996336894126,136.43809937460333,97.97770832691725,29.919675635876125,1.3925422599124,1.918756720508699,-4.217975484625968,53.262078391616136,-102.21008991658636,2.935194933562931,-24.47400576248511,-1.1017704541076347,-6.831656810801341,0.6510948755589278,-0.2538338379885815,3.0
3,0.11333333333333333,0.06,0.013333333333333334,0.08,0.05333333333333334,0.19333333333333333,0.07333333333333333,0.14,0.06666666666666667,0.12666666666666668,2.6363636363636362,1.9090909090909092,57.83947528118745,-53.51455951744897,-79.37613449687629,39.54367103830683,111.35403479863642,148.7118057974431,174.5733807768704,118.91980553518312,25.861574979427317,137.21560977806374,18.295804242880614,93.05823055575581,4.5983203122695695,4.305771589209772,1.1966059759960586,0.811525998964283,0.7487908186005701,0.6378637699693901,6.750299659465527,1.8759585233277654,1.067943391096946,1.2779074438121016,111.64103665738656,148.98389571875356,174.58483690133627,119.3395162908153,28.10375527249946,41.04391616304762,4.246390389244292,1.171836969754847,-13.919254349829552,16.523533977493678,-87.2866903884352,11.891980553518312,-2.351052270857029,-0.6308898014786418,-7.22187419884546,4.431344312178848,2.1975159411062757,3.0
0,0.16666666666666666,0.03333333333333333,0.013333333333333334,0.3333333333333333,0.13333333333333333,0.5,0.04666666666666667,0.36666666666666664,0.32,0.18,10.714285714285714,7.857142857142857,45.90195547116101,-3.561231075550211,-85.49040381341003,106.75715285344175,49.46318654671122,85.04153415557117,166.970706893431,192.24755666685178,81.92917273785982,131.39235928457103,60.85519738228074,110.31838392899196,2.3465091888815492,0.6037310629874586,0.4483675774161895,0.37645405574599133,0.5816356329628941,0.29623870837584154,2.037988439449641,1.5135347432292348,3.8866795709835684,1.7426611034348973,53.35360178427276,85.18839434766439,166.98268461278266,198.1492443699304,82.22766776158784,43.4835465271276,2.409763644816576,1.960157670436957,-2.473159327335561,17.008306831114233,-83.4853534467155,4.005157430559412,-11.704167533979973,0.8114026317637433,-4.8663836772063345,2.0057887987089447,1.423133904354398,3.0
1,0.14666666666666667,0.013333333333333334,0.013333333333333334,0.18666666666666668,0.13333333333333333,0.3333333333333333,0.02666666666666667,0.2,0.17333333333333334,0.16,12.5,7.5,35.58908247101345,-7.270057178553955,-106.98123630325472,90.09539084259076,42.8591396495674,114.02721003199571,213.73838915669648,197.07662714584546,99.71117912470076,142.57031877426817,54.50630837157731,97.36544802114472,1.976474743111578,0.42983284347652656,0.44018838839276686,0.3006175480145089,0.3758676515679131,0.20052148712577034,2.143574983597286,2.195218052201426,4.5982403929994575,2.024092028036954,47.29593905930107,114.04474835642746,213.74774618530935,198.78429758706443,99.7913785977434,74.49090039701674,1.9919987115155413,1.8742445335341276,-2.14295698247837,57.013605015997854,-106.86919457834824,7.57987027484021,-24.92779478117519,1.0901261674315463,-5.94042994892784,3.245514934038157,3.234912290110378,3.0
2,0.18666666666666668,0.013333333333333334,0.013333333333333334,0.15333333333333332,0.17333333333333334,0.34,0.02666666666666667,0.16666666666666666,0.14,0.2,12.75,6.25,106.75715285344175,-5.788449606618954,-73.8980007117001,74.56733826456336,112.5456024600607,95.88384044920971,163.99339155429087,148.46533897626347,68.10955110508115,180.65515356514186,32.18981458887839,80.35578787118232,2.179802047839184,1.6524202646178432,1.4005911141146623,0.6229858392579886,1.1737702821746783,0.6862813275180171,2.4077884656922444,2.0408410632123637,1.3191571747901005,1.8475998171316173,115.50979453318243,95.90469675302407,164.00558671423045,149.94317882897113,68.22690782774536,32.582423379887466,2.1977132425162433,1.7100892059184685,-4.328677017694643,47.94192022460486,-81.99669577714543,7.069778046488737,-17.027387776270288,-0.6311728350760469,-6.021838452171395,3.2142315148472926,-0.5950629289589641,3.0
3,0.15333333333333332,0.013333333333333334,0.013333333333333334,0.31333333333333335,0.14,0.4666666666666667,0.02666666666666667,0.32666666666666666,0.3,0.16666666666666666,17.5,12.25,90.09539084259076,-7.4588528559674785,-50.41422415842929,82.35701421128148,97.55424369855824,82.02619112053084,124.98156242299265,132.77123836971077,42.95537130246181,140.50961500102005,7.738376631309279,89.81586706724896,3.090911202578792,2.2710604224940623,1.086158235554473,0.6942887410078664,1.189306029768104,0.7805490810587862,2.909567735847504,1.391530990057844,1.3609991050719714,1.4782603865561894,99.7889295643444,82.0505699537904,124.99756375902855,140.1898774456507,43.14120911300888,27.75104352751412,3.2495583765031193,1.5234210296092425,-4.645440176121821,41.01309556026542,-62.490781211496326,2.9504719637713506,-10.738842825615453,-0.11054823759013256,-5.620384600040802,1.8329768789234482,-0.6751327207837999,3.0
0,0.16666666666666666,0.013333333333333334,0.013333333333333334,0.20666666666666667,0.15333333333333332,0.37333333333333335,0.02666666666666667,0.22,0.19333333333333333,0.18,14.0,8.25,104.41322571679348,0.8717711614847161,-97.93839660757492,32.12729588108351,103.54145455530876,93.29811153980887,192.1082793088685,130.06569248865844,98.81016776905963,202.3516223243684,72.28592983570996,31.255524719598796,1.316318911558268,1.0478825903555509,3.3127408829064717,0.5116907557545175,1.109791536467801,0.5389744519487186,1.9442156981037255,6.146378313348452,1.256170227154586,4.161366467384906,106.06522904057233,93.31954573879267,192.11868982224044,133.25946256290493,98.89109795401056,27.017144115046474,1.3475374964981925,2.0587186564323066,-4.501802371969946,46.649055769904436,-96.05413965443425,4.4850238789192565,-24.702541942264908,-1.290820175637678,-7.494504530532163,0.947137112715115,-0.4097337206199956,3.0
1,0.12666666666666668,0.013333333333333334,0.013333333333333334,0.16666666666666666,0.11333333333333333,0.29333333333333333,0.02666666666666667,0.18,0.15333333333333332,0.14,11.0,6.75,29.131428456432772,-9.4730358964962,-85.33304300376255,103.68220121220445,38.60446435292897,118.30876801045498,194.16877511772134,189.01524421596702,75.86000710726636,114.46447146019533,74.55077275577167,113.15523710870065,2.4916323030223118,0.5088908612721602,0.34116374406819766,0.3372615437826361,0.32630264858744434,0.19881911666550772,2.5595670567650477,1.7159504065304234,4.896201705791216,1.6704065056608273,42.18180493976714,118.32567172068644,194.1790751618625,190.40946023247284,75.96539131943244,81.93763495202381,2.5065290512597524,1.641056182805636,-2.2708508442899396,59.15438400522749,-97.08438755886067,8.218054096346393,-18.96500177681659,1.6943357444493563,-5.450689117152159,4.190934707729654,4.1949633503961055,3.0
2,0.16666666666666666,0.013333333333333334,0.013333333333333334,0.20666666666666667,0.15333333333333332,0.37333333333333335,0.02666666666666667,0.22,0.19333333333333333,0.18,14.0,8.25,108.83573211395878,-23.34916981260824,-105.94236478782916,41.23345530292403,132.18490192656702,127.03137102481269,209.6245660000336,147.17582009075318,82.59319497522092,214.77809690178793,67.60227681103476,64.58262511553227,1.7819363948193059,1.6004333282690455,2.04675640994928,0.6154487065178322,1.0405689622978855,0.6305792515107501,2.538036772435354,3.2458353252912047,1.113408702096054,2.278876397908407,134.17096667064803,127.04711419171873,209.6341066494249,150.00573995479556,82.68999852590916,25.52565142665975,1.8140735594256232,1.6500501249723734,-5.747169648981175,63.51568551240634,-104.8122830000168,5.075028278991489,-20.64829874380523,-1.2071835144827634,-7.954744329695849,1.9570492459252202,-0.20614123607017348,3.0
3,0.17333333333333334,0.05333333333333334,0.02,0.14666666666666667,0.12,0.32,0.07333333333333333,0.2,0.12666666666666668,0.19333333333333333,4.363636363636363,2.727272727272727,41.23345530292403,-18.495352495120358,-50.64416993025928,89.96166956097537,59.728807798044386,47.41594770852721,79.56476514366614,140.60583949123463,32.14881743513892,91.87762523318331,48.72821425805134,108.45702205609572,4.373592894199315,1.8578850658674713,0.550714067800531,0.6500908969561854,1.2596776123764546,0.7506942010096436,2.4748893269306134,0.7336063966657129,2.354070752033967,1.2964198797428812,62.382132706214264,48.08609047425032,79.62130275477003,141.88376263348403,33.9786177246499,28.768151202050245,4.1756778861123,1.655807364863786,-3.318267099891355,5.926993463565902,-26.521588381222045,7.400307341643928,-2.9226197668308114,1.0151711303760695,-3.1681939735580453,3.615234068536524,-0.4735715419045067,3.0
0,0.16,0.06,0.013333333333333334,0.11333333333333333,0.1,0.2733333333333333,0.07333333333333333,0.17333333333333334,0.1,0.17333333333333334,3.727272727272727,2.3636363636363638,37.59736856971348,-25.23822483757135,-86.09483628299658,74.72727143495726,62.83559340728483,128.18217266451887,189.0387841099441,160.82210771795383,60.85661144542523,123.69220485271006,37.12990286524378,99.96549627252861,2.642639869329157,1.032518766899046,0.6285728151239379,0.5079996227903615,0.4902054014308175,0.3323952473728351,3.1062982249590023,1.8910403204979995,2.559410980263122,1.608776164923108,64.60117490298158,128.4977407933561,189.04936365342795,161.52012360955257,61.842761553956024,69.6144770907745,2.611787047521009,1.471227139763088,-4.189039560485655,14.242463629390986,-94.51939205497204,10.721473847863589,-5.532419222311384,0.9056073869571654,-4.7573924943350026,3.8448267797126388,2.7227741357180846,1.0
1,0.11333333333333333,0.06,0.02,0.34,0.05333333333333334,0.4533333333333333,0.08,0.4,0.32,0.13333333333333333,5.666666666666667,5.0,102.94394782694751,-36.91261567631108,-87.38137711674236,70.83096330744827,139.8565635032586,111.63988711126834,162.10864855169962,158.21234042419064,50.46876144043128,190.32532494368985,32.112984519499236,107.74357898375935,3.134856808620716,2.7711510944910454,1.2980501002694533,0.7348289753065543,1.2527472673263051,0.8627335108444606,3.212059181262807,1.5045782781740984,1.1312471610994814,1.4684154908947165,140.08518249601207,112.00207316927994,162.13640533593454,165.33343479919597,51.87577354923166,32.94208291244347,3.187103024927225,1.44761968013647,-17.482070437907325,12.404431901252037,-54.036216183899874,3.2960904255039716,-4.20573012003594,-0.47224977234557697,-9.516266247184493,1.7957263163959891,-1.659804493646485,1.0
2,0.12,0.06666666666666667,0.013333333333333334,0.13333333333333333,0.05333333333333334,0.25333333333333335,0.08,0.2,0.12,0.13333333333333333,3.1666666666666665,2.5,43.101504091612874,-25.54838614781852,-58.85318889222471,81.14503465599259,68.64989023943139,96.37934945526679,129.68415219967298,139.9982235482173,33.30480274440619,101.95469298383759,38.043530564379715,106.69342080381111,4.203544594532425,2.0612609768710217,0.6434313355241038,0.6733372268632513,0.7122883753359877,0.5293622163927328,3.8938573873239495,1.2154840591167984,2.039307318044401,1.3121542311933871,69.11445167174502,96.896744018674,129.69957336764043,141.1506379605017,35.400704595301576,33.059384573864634,3.987226796023585,1.3385338659330457,-8.581236279928923,9.637934945526679,-64.84207609983649,7.777679086012073,-2.7754002287005157,1.0011455411678873,-5.09773464919188,3.556447360127037,1.5405255119908554,1.0
0,0.11333333333333333,0.06,0.013333333333333334,0.12666666666666668,0.05333333333333334,0.24,0.07333333333333333,0.18666666666666668,0.11333333333333333,0.12666666666666668,3.272727272727273,2.5454545454545454,43.493578214579806,-15.931444397021963,-93.63558405910699,74.32241624061388,59.42502261160177,106.24687784099213,183.95101750307714,167.95800029972088,77.70413966208503,137.1291622736868,30.82883802603407,90.25386063763584,2.161506465808981,0.7647600613046569,0.6584208386407966,0.4333507302626074,0.5593107658235057,0.3230480777884673,2.3673258375040502,2.038151234789059,2.8263851306794425,1.8609508680638358,59.961098325409125,106.62738415134596,183.96188964135314,168.81614219227095,78.4788718103466,49.81250974526368,2.1511030714130923,1.7252780897282378,-7.428127826450221,11.805208648999125,-91.97550875153857,9.879882370571817,-7.064012696553184,0.8563566118342797,-7.217324330194042,3.2233521656298514,2.754226778199433,1.0
1,0.12666666666666668,0.013333333333333334,0.03333333333333333,0.32,0.11333333333333333,0.44666666666666666,0.04666666666666667,0.3333333333333333,0.2866666666666667,0.16,9.571428571428571,7.142857142857143,90.31543344397016,-41.69044923828717,-58.29313635535851,94.94680464767197,132.00588268225732,116.01286547890105,132.6155525959724,153.23994100303048,16.60268711707134,148.60856979932868,4.6313712037018036,136.63725388595913,9.229827673224351,7.950874563342535,0.9661046232122956,0.8882790734108367,1.1378555484974628,0.9954027268915246,7.987595722358305,0.9705665828636797,1.1608569094748926,1.1215092271316311,133.09602947767405,116.03010366549532,132.70977654391226,159.1586614627437,18.018024850337138,24.834987402188272,8.833302361649572,1.1437529774730097,-7.765051922485725,58.006432739450524,-26.52311051919448,3.563719558210011,-2.3718124452959057,0.06912494333883289,-6.192023741638695,2.7327450777191826,-0.8417377475450678,1.0
2,0.08666666666666667,0.013333333333333334,0.03333333333333333,0.30666666666666664,0.07333333333333333,0.3933333333333333,0.04666666666666667,0.32,0.2733333333333333,0.12,8.428571428571429,6.857142857142857,32.505243838391685,-71.17544127789483,-30.32412400301631,92.95271719940472,103.68068511628653,166.1222459255668,125.27092865068828,123.27684120242102,40.851317274878525,62.82936784140799,60.44747336101303,164.12815847729956,3.0176956197745426,2.5380010250010923,0.6317056505001031,1.650194625194928,0.6241228231572428,0.8276516046703456,3.066508915924812,0.7632506805224065,1.1890048861478468,0.7511011050518266,104.26257461900008,166.13428481609236,125.37067266711874,129.91604818823166,41.4467142617215,63.78047127686536,3.1345319044558577,0.7546345584591513,-9.42551682875332,83.0611229627834,-25.054185730137654,3.0067522244492935,5.835902467839789,1.024533446796831,-3.4905204356337776,3.419336634943741,4.803196985329253,1.0
3,0.11333333333333333,0.05333333333333334,0.013333333333333334,0.24,0.06,0.35333333333333333,0.06666666666666667,0.29333333333333333,0.22666666666666666,0.12666666666666668,5.3,4.4,92.95271719940472,-27.119738460989097,-100.31968926285975,74.35095843648975,120.07245566039381,155.2786695742687,228.47862037613933,174.6706476993495,73.19995080187066,193.27240646226448,18.60175876291497,101.47069689747885,2.386212637930977,1.6403351961996853,1.1833214842479036,0.6212602091433956,0.7732707653253302,0.5255303776901364,3.121294725928975,2.251670948973409,1.4547103808168806,1.7213900469790644,120.40927957727028,155.48461410941894,228.487373762718,177.9489678748103,73.87985379923464,39.09574782696343,2.4086264214650326,1.4695175794173752,-13.34138396226598,19.409833696783586,-114.23931018806967,5.137371991157338,-7.3199950801870655,-0.3509765804323579,-10.172231919066553,2.3061522022154284,2.0709537596396976,1.0
0,0.14666666666666667,0.02666666666666667,0.02666666666666667,0.3,0.12,0.44666666666666666,0.05333333333333334,0.32666666666666666,0.2733333333333333,0.17333333333333334,8.375,6.125,23.112279085670245,-92.80592922979707,-35.17704886306013,125.48790110311081,115.91820831546733,209.85101993991805,152.22213957318112,160.66494996617095,57.628880366736944,58.289327948730374,102.37562201744058,218.29383033290787,2.787924196058229,2.011460357685079,0.5310191686988444,1.9886694939668144,0.5523833448541522,0.7615068914449162,2.6414210827014935,0.6973268064472347,1.3860199558030344,0.7360031647305364,117.30742098890452,209.88913876097516,152.27468527709073,165.8138297839846,58.181507820987925,96.47472777714664,2.8499404019256143,0.7255005484133382,-6.4399004619704066,52.46275498497951,-38.05553489329528,3.918657316248072,7.203610045842118,1.5279943584692623,-2.2418972287973222,4.4549761292430174,4.269673255656852,5.0
1,0.07333333333333333,0.03333333333333333,0.04,0.24,0.04,0.31333333333333335,0.07333333333333333,0.2733333333333333,0.2,0.11333333333333333,4.2727272727272725,3.727272727272727,62.05926151715383,-35.17704886306013,-38.961059777023166,125.48790110311081,97.23631038021395,89.28461434811962,93.06862526208265,164.448960880134,3.784010913963037,101.020321294177,63.42863958595699,160.66494996617095,43.458902370845635,25.696625245294886,0.605211717930312,0.9625420819743408,1.089060092717551,1.0447807744703979,24.59523172056891,0.5792714918946469,1.6912299555290073,1.0235521868009159,97.42125053784366,89.42450648056409,93.2618303925779,167.162976566451,11.632658277323863,13.573115699308872,14.3701441735214,1.0429113233389533,-16.206051730035657,17.856922869623922,-15.511437543680442,5.4816320293378,-0.3440009921784579,1.3495455231054678,-5.942371840833941,3.918657316248072,-0.7228814574631225,5.0
2,0.12,0.05333333333333334,0.04666666666666667,0.18,0.06666666666666667,0.3,0.1,0.23333333333333334,0.13333333333333333,0.16666666666666666,3.0,2.3333333333333335,32.71836599835299,-54.854435840956015,-147.5175264621011,217.53466691438365,87.57280183930901,180.34233694406683,273.0054275652119,365.05219337648475,92.66309062114509,180.2358924604541,184.81630091603066,272.38910275533965,3.9395641881729158,0.9450667061964528,0.32149891810454345,0.48587881494538343,0.48559203192797545,0.32077311656520374,2.9462154320040983,1.0022626632403346,4.168556740326,1.3401864820722114,88.14190616265843,180.51969004639724,273.0951546257534,365.5996497385937,93.8693153456578,94.49966478010857,3.8947727315612686,1.5128275179043482,-8.7572801839309,22.542792118008354,-39.000775366458846,18.25260966882424,-6.177539374743006,4.107028909245126,-7.209435698418164,7.782545793009704,5.153863061375435,5.0
3,0.18,0.013333333333333334,0.04,0.22666666666666666,0.16666666666666666,0.4066666666666667,0.05333333333333334,0.24,0.18666666666666668,0.22,7.625,4.5,125.48790110311081,-14.582893652586925,-111.07738559063887,64.08544494612367,140.07079475569773,232.11756056697058,328.6120525050225,175.16283053676256,96.49449193805194,236.56528669374967,61.40245615698714,78.66833859871059,1.8152624778750537,1.4515936810737462,1.7805231081617574,0.5921020649873673,0.6034476427098435,0.4262497181339899,3.405500623973301,4.177183074645593,1.2505307108613901,2.2265988281546543,142.2843193872494,232.12617673059032,328.66682377685106,177.38663196997285,96.82554918193219,95.92500766909171,1.8320229884435657,1.415897286579219,-5.602831790227909,116.05878028348529,-54.76867541750375,6.255815376312948,-12.061811492256492,-1.006597641917822,-7.168645051325748,2.185231627741961,3.4091394744915866,5.0
0,0.18,0.04666666666666667,0.05333333333333334,0.26666666666666666,0.13333333333333333,0.44666666666666666,0.1,0.31333333333333335,0.21333333333333335,0.23333333333333334,4.466666666666667,3.1333333333333333,31.6453303576602,-31.750069295418044,-64.92832947655535,49.62302095437152,63.39539965307824,72.71095076026161,105.88921094139891,114.55135043092687,33.178260181137304,96.57365983421555,17.97769059671132,81.37309024978956,3.452602692411589,1.9107511758292908,0.7790708139321548,0.6564460719610999,0.8718824192259833,0.598695552544654,3.1915239184723636,1.3012804431582068,1.8069347469657397,1.407730124040891,66.47538414461036,73.04712424497757,106.19098358049085,118.93700805699213,36.41149473239517,28.561853798914125,3.266468705311741,1.4537325689148142,-3.169769982653912,10.387278680037372,-13.236151367674864,3.579729700966465,-2.2118840120758203,0.2683237402494227,-2.7592474238347298,1.7313423457402033,0.3450204113771618,5.0
1,0.17333333333333334,0.04666666666666667,0.03333333333333333,0.29333333333333333,0.12666666666666668,0.4666666666666667,0.08,0.34,0.26,0.20666666666666667,5.833333333333333,4.25,49.62302095437152,-78.65055499955432,5.339794956391767,180.37430364895843,128.27357595392584,118.81661342732781,34.826263471381736,175.03450869256667,83.99034995594609,44.283225997979756,130.7512826945869,259.02485864851275,2.0839835622113054,1.5272418322010424,0.4952172413999399,2.896662857393854,1.0795929311045567,3.6832425637431316,0.41464600980527544,0.1344514331678092,1.3645406498641368,0.6757440564037991,129.67309006886347,119.02263493276838,35.18335724995695,179.32673875707493,84.84326069713666,27.666480445287565,2.1136238433505534,0.29560223792584295,-6.751240839680308,16.973801918189686,-6.965252694276347,4.488064325450428,6.999195829662174,1.8678754670655273,-1.4284911612251534,5.078918797029662,-0.36372932794607765,5.0
2,0.18,0.04666666666666667,0.06,0.09333333333333334,0.13333333333333333,0.2733333333333333,0.10666666666666667,0.14,0.03333333333333333,0.24,2.5625,1.3125,86.5736521181081,-141.40355352633281,7.2633435957178865,180.37430364895843,227.97720564444091,193.24327906931217,44.57638194726148,173.11096005324055,148.6668971220507,79.31030852239022,93.80065153085033,321.7778571752913,1.164421693089633,1.5334765846177514,0.7084925222814458,2.8744965174367003,1.1797419643384879,5.114304833311994,0.29984066937689374,0.13853153954896938,0.759334511377549,0.5379828232212288,228.85280486253103,193.37002069984908,45.47585983253246,173.18315302174932,149.52540352695394,43.9937001777122,1.158218930942599,0.23517533725209944,-11.398860282222046,27.606182724187452,-4.952931327473498,34.62219201064811,9.291681070128169,2.28782076904513,-2.2030641256219505,15.3227551035853,-1.286441725004768,5.0
3,0.08666666666666667,0.02666666666666667,0.06,0.34,0.06,0.4266666666666667,0.08666666666666667,0.36666666666666664,0.28,0.14666666666666667,4.923076923076923,4.230769230769231,53.80180334322407,3.024785345427336,-72.48418424172067,34.40061716569332,50.77701799779673,177.34951830353108,252.8584878906791,106.88480140741399,75.508969587148,126.28598758494473,19.401186177530754,31.375831820265983,1.4155245660458107,0.6724633944208825,1.618348105913779,0.40207958910439046,0.2863104364957598,0.20081199734038463,3.3487212085293354,8.059021011431962,2.1049838218552304,3.40659658107856,51.568455054893526,177.39462123326769,253.01860583435501,114.8405885212294,76.61987006066273,127.23835048304079,1.4988355948699201,1.4263037068167048,-5.641890888644081,44.33737957588277,-28.09538754340879,2.5448762239860474,-5.808382275934462,-0.303143534023918,-5.740272162952033,0.5704696694593815,9.736346177364181,5.0
